customerid,hashed_name,registration_date,country_code
1,8PNhV3virURRUEMars3IBHuFcz/RYz12zySUToV8bvM=,2019-03-02 00:00:49,GB
2,KSCXLfspCoP//pcJ2h+UmV3xKWifHxDdBK+C+/zqGmU=,2019-03-02 00:00:52,DE
3,QRPeVwzlnQnAIFnMprakrYwKIW1PUixLVae3vNrly9U=,2019-03-02 00:01:09,NL
4,daLDPAU3rghXxjJQZ3mcVDoKOYTuEgHevM5Vwo2wc1w=,2019-03-02 00:03:40,DE
5,TuLV5cPuabkad6axgj8PAWPsnnZExopkS+/wg1y8QAc=,2019-03-02 00:04:57,DE
6,lvrT5rweVUHnoqW3vKT2xau1L9phEy6rEy90ioYxa7k=,2019-03-02 00:05:19,DE
7,TVfIaDib2X/omW+g9gP+QjG9SIKLh5AtyngL5m+iaI4=,2019-03-02 00:05:23,PL
8,3APlqMx0522tvrS7DAaby9bIr3CT5mrQf0l00HFg+JQ=,2019-03-02 00:05:23,PL
9,YfMhGOFfVmDxLs84odxd8j/hWwGXb9WJHX7r1X36XwA=,2019-03-02 00:05:23,MX
10,pjPtFvskDR614ITmTpBvLfljicHt/6r5xIEUUX244g4=,2019-03-02 00:05:23,PL
11,75ax3ufrpCJQK5sosvQ1ujAKoprupQCWQCsuhbYd7Yo=,2019-03-02 00:07:07,PL
12,KUlkOvYv5b5CBmgXeM1GrAHYa+eXEWNYS61wjkXUaTY=,2019-03-02 00:08:44,NL
13,O2w/AtG3cMOANNY4SD+c47hMGsC+v3mHd0TxLIR67JI=,2019-03-02 00:09:26,NL
14,hRmZ9gv/imTuAQhqJVZtpAosm3BbO40KLlgphfYwyI0=,2019-03-02 00:11:39,IT
15,/en1PwT2JK+QCjE30oap2/2uKGfsBnygOSm1nEYIm7k=,2019-03-02 00:12:20,DE
16,2UfZig6yVJh6shbQSaKpscjaWk8wH5+CYLovN6NM/Pk=,2019-03-02 00:12:57,DE
17,QqFreP1X5jLGaUj2s+Fups5yFnCOW2mp01zhCduKOyo=,2019-03-02 00:14:34,NL
18,WhSclCvk8mNRL4gG9OmvCsPUNqMgaszbzMQoyJJTTE0=,2019-03-02 00:16:02,NL
19,CKvSOJdlBndRzXnppYZ1sjaFQa9osKmVkwFj0z66l8A=,2019-03-02 00:16:37,IT
20,hX+TSAK0UBA2tc0U8DhbHM6bopxUHRrkEDhyEjl5MCQ=,2019-03-02 00:18:16,IT
21,x+K+rw78L1lCrs6JFuTXqn+nTYIkPOosF+dPZ1Im5cQ=,2019-03-02 00:18:17,IT
22,IOckwwV8R4PeoLKbAf5mG7ZOAE37+pgoy9F073iDv1Y=,2019-03-02 00:18:49,PL
23,Gr/WGN8kESaUT2MAb88OPojyhApXhCDKH3SH+nrJVQk=,2019-03-02 00:18:54,DE
24,s+iPwRg6uN9LPjmciprA/B8zVn+TZS04ek5IQwtY1vs=,2019-03-02 00:22:26,PL
25,8D62GJ24tXd7XGlAA+EkvI+VDrS7FgCrvP9tOb3Zx+Y=,2019-03-02 00:23:23,NL
26,KSCXLfspCoP//pcJ2h+UmV3xKWifHxDdBK+C+/zqGmU=,2019-03-02 00:24:34,DE
27,c/Gm5EcYWxXdheTrEliHXKAixbiSEQAixb/ctqjf3hk=,2019-03-02 00:25:17,NL
28,X8LqPO7HqreKdS5ulk59GFsJvrGD2CDfaJy1amKHDq0=,2019-03-02 00:25:39,DE
29,nUSuQIuYfZspFynhBr4NkWlWkR1vcWNGYjIqUh5aaMs=,2019-03-02 00:27:51,PL
30,kyDyV012rYNGuj9VT8Qq+ri9t5NgA1SrG8B57yIblfw=,2019-03-02 00:28:18,NL
31,x1++wN6y0kBLdeTU/XQN2cZst8ZsQDo++xtjrtr1DyQ=,2019-03-02 00:35:07,PL
32,Gl4Jy4oBIkwf1T48t4ztOCrhlUKKQV5pvD5HzTKgBlQ=,2019-03-02 00:35:40,DE
33,s9Xy6CkQCV4uRNybaSGuXLFwjMFqTGsiF2h2D+vFDd0=,2019-03-02 00:36:36,NO
34,Lue+8OSGdqsdrYOt9mblDUOO0LS7VIHg3rV/omIg8LI=,2019-03-02 00:37:02,DE
35,VA+oLaP4xmEFi8a72IbKoKGRHH/TVJc8y6Ogywadxvw=,2019-03-02 00:37:03,NL
36,1ny0FD++jBqkgAUs4VVyJrescxiccjf1W7P7ZNocOLQ=,2019-03-02 00:37:21,NO
37,nDIMixUNHAGvVF3iHwtmOnW7GaNNmlCv//EgkyhwZcU=,2019-03-02 00:37:39,AL
38,vYfUCPwHDtfY1YvecViOmS7yw20NGNY1lrsk+cihROs=,2019-03-02 00:38:22,NL
39,ny+az5cgepN/Ko5rLvPW08OlK+cnsOWmW+9f73CEfPU=,2019-03-02 00:39:40,FI
40,0w0Cr1BpMkm62I84QniqqSc+idGl4j8YoiBaLRto2NU=,2019-03-02 00:45:56,DE
41,HDTrCt3hOn4qKbqbWY+imk/FzaFgeGW0+OwBJb0ELRA=,2019-03-02 00:46:27,GB
42,GqJod1sdZJEfxYZCkEGCJ8pl4mR7gNpPYf+5y/WBNao=,2019-03-02 00:51:28,IS
43,eit2ChlZx1awrPYaTIiMRC1PS/obkcgzMPDD+ySO8zM=,2019-03-02 00:52:24,GB
44,nMI09AAXiZVFK3/lOoOi+zHwp0b7yNi3/RUVAPrqtkw=,2019-03-02 00:52:59,DE
45,PiG+ZAnFOj+/kaTLRiPt2dG0BsX4Vkt5vlFngS2KbcM=,2019-03-02 00:53:47,DE
46,LTrM2EO+zORuobzJmgsbiCGIzwO53VlwyVU5OG4Es8g=,2019-03-02 00:54:43,NO
47,UmiAUVrU3Rw+ogobrXVR6O9njtYR7kCUKMHzePxWhOI=,2019-03-02 00:55:05,NL
48,epAWCsXUAOp/60PV/lL1y8LY2hPjs3nQzJCcPyaHStw=,2019-03-02 00:55:14,NO
49,Q8hl803gHavj303EwhGakECAduroKrUVZTBkhZ2zyeA=,2019-03-02 00:56:04,EE
50,rR1x/8i8Z9f2ZjfCflYJZ27DxHVKYSfeGTXtVsb9eGY=,2019-03-02 00:57:41,DE
51,YviaW57IY1MNkrHlO0pTTBtoUlOOLYszKrAUi0aKJJA=,2019-03-02 00:58:01,IT
52,ntjwam/m073yyA5uXG5WZwhui70UIYrLAdMU2xLyNBY=,2019-03-02 00:58:50,IT
53,IuiLcTmavAll+yy+wB3j+AhjtUsah5ue/kHYMyOBtrQ=,2019-03-02 00:59:05,NL
54,iXUT5ZD9vR4CRtfQ1+814ROxFZ2kh9iNywv0KGhSF7I=,2019-03-02 00:59:55,DE
55,ANKwxCeWxex2/mTbEv3bNn91JEHP8ht44iWgD/L2Mg8=,2019-03-02 01:00:05,GB
56,K+jbI1K9S/spqi10ZFXdjl4Q+9KJxgotM1QJ5FHRbCs=,2019-03-02 01:00:42,PL
57,5YFWLWDUW25+V51EA6fc6vueun3UKt1CWzlDG2OwyK0=,2019-03-02 01:01:00,NL
58,gMBWGT8whfxJEavFu9WvSuGF37Y4uaYQZWiRqjXNujA=,2019-03-02 01:02:16,PL
59,CyzXSo104qncQGrOdp/ifkFkuZKsIV8mieMl2PMW5JI=,2019-03-02 01:02:50,MX
60,IV0mOF5POLwQMC/jiiff0U6pqQjdstwXchKBbC4VF34=,2019-03-02 01:03:24,DE
61,CHQd0Cy96qFe3nxgnzzfCaY4GV+T0Zs1WfWnMxl0nXc=,2019-03-02 01:06:03,VN
62,uwkq9+TCK17IJYaEG+aC0ygpnijfmrjdhnfSzBTJ48g=,2019-03-02 01:08:39,NL
63,2Yw1OGF1UJBaETwcJGg6X8qWOQgqYmtagXZjvpDfSpg=,2019-03-02 01:08:54,IT
64,grVs7ZBZV6l40nMYpz2vCrdUWkJihwvcVcsQ3miapOU=,2019-03-02 01:11:28,BR
65,2oyc/4fIMH7hjBy4g4oSozQzXqupuG/OnrY/DTkVyUs=,2019-03-02 01:14:12,GB
66,SAP040gpBEK831XwU79u1KnssQtFx+BhWIKiddOIwhs=,2019-03-02 01:14:27,FI
67,ujo9/7x0Fh0+//6T1Bg+BkKXrBWVbV9EhS+P2p/rp1Q=,2019-03-02 01:14:50,FI
68,NLT6hlUnDmBFCophF695WjI8UqaPA9sy1yutE30B0wI=,2019-03-02 01:15:59,NL
69,eit2ChlZx1awrPYaTIiMRC1PS/obkcgzMPDD+ySO8zM=,2019-03-02 01:17:55,DE
70,z0iqyjhgc74pA/0Gbs1gzEI3VVRlW5tcIB+Mp6+bZG0=,2019-03-02 01:18:24,IT
71,ZCFL806bNG4DnVBkj168Y/iSVFkaDqn/0rsBqBrbk9g=,2019-03-02 01:21:29,NL
72,vfRkheOsBz18aZ0DicCR2d6jsRFL1YZBLhxaAbVAZs0=,2019-03-02 01:21:38,DE
73,KxqgjdSby1JNj8H+m87mJzPTov19GW9IS+DTFs4gMic=,2019-03-02 01:21:55,IT
74,8lzRpb37WlpT22/gaxv7dYDJV2NqQt8uveQi73nLwTg=,2019-03-02 01:22:50,NO
75,ZCFL806bNG4DnVBkj168Y/iSVFkaDqn/0rsBqBrbk9g=,2019-03-02 01:24:30,NL
76,l/yvpMFyAh0Mtkb9BUfMS1f4BnagRdouBmMWmjYTMdc=,2019-03-02 01:25:08,NO
77,TvSIAWT1zc6e9Mcjp1NJwodJMSJkMVmzicFOgb1aTyc=,2019-03-02 01:26:45,DE
78,wO0hhC+WT+fWbyFAQ/TdVnxHGxx9hQnS6f9B6VCgjRA=,2019-03-02 01:28:04,PL
79,/0wwDVpkDTfu6y+hGLKlJHQ/mkbhe/NXyCopa6tEmAY=,2019-03-02 01:29:31,DE
80,eit2ChlZx1awrPYaTIiMRC1PS/obkcgzMPDD+ySO8zM=,2019-03-02 01:34:11,NL
81,Gl4Jy4oBIkwf1T48t4ztOCrhlUKKQV5pvD5HzTKgBlQ=,2019-03-02 01:34:25,DE
82,eLNTgSUPGgk7LV3/fDoYquBigR6SAlMlsKNs+y05iJk=,2019-03-02 01:34:46,NL
83,MIXpOQFHU7cqjRYy2g2QAp/OSYTtEXQKabNVGC4V05M=,2019-03-02 01:34:53,NL
84,tm/gHcUDP+EPuSnqjA47IY+adOqvd+RVv3hBTI10MLg=,2019-03-02 01:35:02,PL
85,OrLTUxdEWkMbnWxY19hnwzi/9+c3FujOLbfSL6md/CU=,2019-03-02 01:35:20,PL
86,OfbOoc8O3BbSYJvomukUlol9xsAf2ke7pKCNqtRzZMU=,2019-03-02 01:35:37,NL
87,g2NHlPPyKa2/6C+R0ZEI9OuT1bcWmDJ6YGB0J18nC4w=,2019-03-02 01:37:29,NL
88,B2ViS1RcWx2mcuq+wSZXd1fmtOlueXnV54zASNl+Aqk=,2019-03-02 01:38:24,NO
89,KSCXLfspCoP//pcJ2h+UmV3xKWifHxDdBK+C+/zqGmU=,2019-03-02 01:41:43,DE
90,KWCAYLk4smgvrkHhFPCJbv+Ivy99lGMluWVfaOrUoC8=,2019-03-02 01:42:30,IT
91,OebcVdDkJJJD/yfws0AVqJvAvN4T/VBb/m2v95UWRFg=,2019-03-02 01:43:22,AW
92,H70LsgRwpJlo3NpfnKyGby+NEwNoPSJecHt0iZkiyXg=,2019-03-02 01:43:31,GB
93,ntjwam/m073yyA5uXG5WZwhui70UIYrLAdMU2xLyNBY=,2019-03-02 01:45:32,IT
94,LMF/HC2elaHGPT/H4np/TyrTVRduXvFghl5dl1D8+CA=,2019-03-02 01:47:42,IT
95,FbaasIGPnF5Xosdi7sBGSTgtcHoPPOJ78EVQG1NDaqI=,2019-03-02 01:48:21,NL
96,uJNofUifQZv57hduPu5cirwfkuodiEI8eKq9k7aiBZk=,2019-03-02 01:50:57,IT
97,0dtRiofQriwnuNagZQULWOPW/r1iRpyNj7Dc0+DAnGE=,2019-03-02 01:50:59,PL
98,dodZMw4BvNdNwwmBptbKhazF7fNPgPWjv9lUU6YBqX0=,2019-03-02 01:51:25,PL
99,OQgTFUbH6GKX9NDxb9eZ19etcaDWaR6J/kesNDN9900=,2019-03-02 01:54:40,DE
100,tm/gHcUDP+EPuSnqjA47IY+adOqvd+RVv3hBTI10MLg=,2019-03-02 01:55:13,PL
101,gMBWGT8whfxJEavFu9WvSuGF37Y4uaYQZWiRqjXNujA=,2019-03-02 01:55:34,PL
102,niitQI7SEAkRmZjcNYvIeFJymXnShCnu0W/4fQ5kKxE=,2019-03-02 01:56:56,SK
103,0oZJHNQusNiE2TU7A3QIU4Jdeyc1KgkhGTLYv4r1p84=,2019-03-02 01:57:10,LB
104,Lue+8OSGdqsdrYOt9mblDUOO0LS7VIHg3rV/omIg8LI=,2019-03-02 01:59:29,PL
105,x1wZhYLAP6hhMcf+uLDGyIXG5k7f0YUqUhOishLUDKI=,2019-03-02 01:59:49,DE
106,4hi+9SLPLcfv2lpatTZf788f29A53s8lWnEyOo9/Jc0=,2019-03-02 02:01:37,GB
107,LoU3lv8DMh5tEbJs3LaXigTSQuhrtRhglO8q8S+MQXU=,2019-03-02 02:04:35,IE
108,0dtRiofQriwnuNagZQULWOPW/r1iRpyNj7Dc0+DAnGE=,2019-03-02 02:05:11,PL
109,NaAfdL8WM9eYP4wP3CMWtrMXv9zkILjC//4iCLVRr1Q=,2019-03-02 02:05:14,NL
110,iLZYL5wpGIoAsoDvAsDvRRnMBbp+s8h9Y34dMNrpY4E=,2019-03-02 02:06:00,NO
111,X2KbucbZ3XcWi/W3OIE0LbxycFl5AEjbnXrMXFnpM9k=,2019-03-02 02:06:32,DE
112,JA1XqHRQXHnQ+O/IZsitih7ABHLGiLmtqlUAnYnxgeI=,2019-03-02 02:08:25,DE
113,q+ZlHrohOX0o/KPGkSNMRBpWJyoVX23GPZQrOOCwsVI=,2019-03-02 02:10:02,PL
114,r9KGJDZfLQQpqBwkzB0i7DmcfXphxghdMjcID0VeOyY=,2019-03-02 02:12:23,NO
115,wO0hhC+WT+fWbyFAQ/TdVnxHGxx9hQnS6f9B6VCgjRA=,2019-03-02 02:15:06,PL
116,c7TlFKm84MXypxd7FH+MtkkguSSu8hFsyimjG8wBukM=,2019-03-02 02:19:25,PL
117,UdQOuE59k8mbJgWd6HrEr61tqzk4Pe7owQ/RzjwwIoI=,2019-03-02 02:19:52,CA
118,gzuSZaOhNGLJ9GMe0yFXfz1W+8tU/KM7JV2iOuOCD38=,2019-03-02 02:20:04,NO
119,OqspiVBw0XBVVByQHnM9ze+bq/PGb9qFn+gVYtc72lw=,2019-03-02 02:20:10,NL
120,bdrADpR+Mrq+1xO8pueMhr3NQdOCLEca4khv5mKCa1c=,2019-03-02 02:26:57,IT
121,v1O0vb0TUGav+hmq3CJe8viWZ159bu2y5+ocpSJAAvM=,2019-03-02 02:27:40,PE
122,c7TlFKm84MXypxd7FH+MtkkguSSu8hFsyimjG8wBukM=,2019-03-02 02:31:17,PL
123,4kxAhq1tnoaN+46ZqdbGQ/Eb7cZeMSR2DUVaS2RlZy0=,2019-03-02 02:34:57,CA
124,mwv0WEX9gf+0SQU45NBqesxLumVZAEwGPASN4DV6Mxk=,2019-03-02 02:39:00,DE
125,pl23oiKHzzKCnDVh5by9CA4Gd1CSOWyw2SbTzXLrMKk=,2019-03-02 02:39:48,NL
126,Q8hl803gHavj303EwhGakECAduroKrUVZTBkhZ2zyeA=,2019-03-02 02:40:20,NO
127,DqHaOm79XjXBuiNSNelWgmRQNKF13mydLB2Fb56uNJY=,2019-03-02 02:40:41,NL
128,ikopPvFYqlfx3lImbzfUKlfC8zu7K1J0OyxCD9tdyH0=,2019-03-02 02:40:41,NL
129,ZvmzIOkdk1mDyChxvnbq18muqLpln0F8+9cNg/XtWqM=,2019-03-02 02:43:00,MX
130,VQS96gw5QS42WSgF3RSu9C6WQDPEpvhydGsBBt0UMeQ=,2019-03-02 02:44:11,NL
131,XzG9ZFHQmImTcTwVSUvZ0y3bPtftuZji8hdn7DKV+s4=,2019-03-02 02:46:36,IS
132,f8foi43vnQd78GqsY0ZgRKBnXRvfE4MwRij6KQwc+6g=,2019-03-02 02:47:00,PL
133,MFNtjEOmSPTPK2FIEdG3uzmRBXm0xjbkPi5f9DicDZ8=,2019-03-02 02:48:23,PL
134,276uokleTl56CHEBfevS8lEyR3cAwrOIePGcb7iSpAU=,2019-03-02 02:51:11,IT
135,DAzqjtQHk+Yv8zB/WgWGyjretFczyD4g0hJn7YGtBNc=,2019-03-02 02:52:38,FI
136,qYrz1l+MzRgJf5OVQyedI3ZiPJ1WiaNwCRaLnwMCLaQ=,2019-03-02 02:54:17,NO
137,2y+IVg7BbJSkMKTB6fxXgjH9R2uf9aR3F7++AvJ+EOE=,2019-03-02 02:56:50,IT
138,NTRIvN0kBSvY2hyLbCF71kRilaW7/5TtpVKQ9OX7OJc=,2019-03-02 03:00:21,NO
139,J3Fc7ZZrYH2YkvDHBF2HJtDftDtRhtvBZZnMtfm+YOg=,2019-03-02 03:03:04,DE
140,pI56n/tvg25omqfYsiJW84zRLoomKYHhyWLbDDyFc/w=,2019-03-02 03:03:04,NL
141,5FB5L/iFLByxNK008/y0xW3DXC/zJ4tWSlBb6xV9VZc=,2019-03-02 03:04:20,DE
142,c7TlFKm84MXypxd7FH+MtkkguSSu8hFsyimjG8wBukM=,2019-03-02 03:05:12,PL
143,75ax3ufrpCJQK5sosvQ1ujAKoprupQCWQCsuhbYd7Yo=,2019-03-02 03:05:12,PL
144,KYboINXUW7QNQCjUAnJoKaL53VrBviI5StlnmbcKC10=,2019-03-02 03:05:30,DE
145,uE5CCbFjpQ2bjKSd/U2w4gPBu/WRymmMb8bqqjHaHlE=,2019-03-02 03:06:11,NL
146,pjPtFvskDR614ITmTpBvLfljicHt/6r5xIEUUX244g4=,2019-03-02 03:07:25,PL
147,5y2b21JlDgeCL7NPSo31VPYyWA8EU6AbpFDZ7Crf2GM=,2019-03-02 03:12:30,SK
148,SBvFsqZIztIWUKojGZX2/BQnKhjvBbK1HDv3IO5ZXXw=,2019-03-02 03:14:13,NZ
149,lKMhl1lKIDyL6rjMNvCudvQgcK69mEfaJZfDC8tpVV8=,2019-03-02 03:16:18,IT
150,vDMufVUgQ07lM2L5kbgv4JRMfvq1Mkrn656SbrPuuiU=,2019-03-02 03:17:21,IT
151,Rzhn00AF/JFhaWAY6K2lCbgKmcEq5fRbC2HLpwfGcao=,2019-03-02 03:18:59,FI
152,Pn4xuPIL5faBgJ5iNFKaCYXQqk69lohX0JoNHLKvnek=,2019-03-02 03:19:09,BW
153,meYP6mQAGxuV5weOrBwOtaagxdGq6/cp1IdGJuzYrNI=,2019-03-02 03:23:51,FI
154,/3OlJLncgpCCJH+j2odFqdHC29Uu16dJrFAEa3GzPsU=,2019-03-02 03:24:36,NL
155,7rrJ+Ls4o2n5+y1kuncEOvvcEouztmFpMN4ZB6Mh0sM=,2019-03-02 03:26:43,NL
156,fGAyx4wQa2rnrgyl7D85Bt/EMQf5EHUU92JITkx6ZFc=,2019-03-02 03:27:31,NL
157,pjPtFvskDR614ITmTpBvLfljicHt/6r5xIEUUX244g4=,2019-03-02 03:28:05,PL
158,v4UGtDS1ikEo1g3gd+ataLy1bLXema6bC/NgCNtWz1o=,2019-03-02 03:28:07,GB
159,aOvH2t9pVo9I+iF+nsLOz5x6+YApBx7DSYNfxNmu81M=,2019-03-02 03:29:02,DE
160,RK0jW1W54ubpOFyYUraU1bpdjBXZqFCMnqZpKIStCME=,2019-03-02 03:29:36,DE
161,UHYpFQlHZLTAfHCdxSVz/UNUhg42Q/Pul2X/7Oa57gg=,2019-03-02 03:29:58,DE
162,5VOp+bhEHqfOD42A6q1+z1PLKNFemgiHNmDjcXM8mw8=,2019-03-02 03:32:25,GB
163,pjPtFvskDR614ITmTpBvLfljicHt/6r5xIEUUX244g4=,2019-03-02 03:36:24,PL
164,oUMfk0/kZ7xOZvE2GzBCmufjamtxWrILxm4gv0fwkps=,2019-03-02 03:37:19,PL
165,c3lG87d6x/TO0ETLq2XpP/JnZCabVcadUwAwHkx9LqA=,2019-03-02 03:38:09,DE
166,c3lG87d6x/TO0ETLq2XpP/JnZCabVcadUwAwHkx9LqA=,2019-03-02 03:38:32,DE
167,RBaimq7i5PhGKXYm/bU+D9qINXF0Tm9o/YIACIj0KUc=,2019-03-02 03:42:01,EC
168,s+iPwRg6uN9LPjmciprA/B8zVn+TZS04ek5IQwtY1vs=,2019-03-02 03:42:15,DE
169,TFkO+r7rtuueIMnakewj0bO9Tq+BZ94ySZZUV2iU2UE=,2019-03-02 03:42:48,GB
170,UzD/FyvCBXsETqJyHhOtgaR9dRBi8xuoJsZrCz5/eAM=,2019-03-02 03:44:45,IS
171,s+iPwRg6uN9LPjmciprA/B8zVn+TZS04ek5IQwtY1vs=,2019-03-02 03:46:52,DE
172,e8bVO5K13/YUmIXWDwe2yRx/QR8MsgT+jBqMZd9K3UI=,2019-03-02 03:50:41,NL
173,SMJXu3R4MlRQa0iAA4yRvXoEz+MrM3+Mji9Q+rDt2kY=,2019-03-02 03:51:39,GB
174,OBgHU5yeaEeaEVGcJp1S+HqJ+B2IQkQGpzJmffXMu+E=,2019-03-02 03:53:15,NO
175,qy+cssdiphltN4e3xHOqIC+WvXGfsqDlYSNqoiXJKpg=,2019-03-02 03:56:05,NL
176,rc35ykoo7aTmsM4ImhAmV72aoDdrwuK9qdIhMq9bkDI=,2019-03-02 03:56:06,IT
177,7YnTtFoSb85y+oVzTjP4hYPjv5tkxEiQ9+x7foogbY4=,2019-03-02 04:01:56,DE
178,cDuiEoLx04eICWm8/jkMoK+y6pH87G2QD+4Guge3OGM=,2019-03-02 04:02:54,DE
179,tm/gHcUDP+EPuSnqjA47IY+adOqvd+RVv3hBTI10MLg=,2019-03-02 04:04:06,PL
180,x1++wN6y0kBLdeTU/XQN2cZst8ZsQDo++xtjrtr1DyQ=,2019-03-02 04:05:06,PL
181,IO3PhiIMTZbQ3t8m4lQVhy27P45gP8Gd0S7g/ntAbPo=,2019-03-02 04:06:37,IT
182,V2nUb/R6qWA+N4vwB9xEasQSxS60v/gjN23AKOkGV/g=,2019-03-02 04:08:09,DE
183,5W6EcKaopL1S7RDxgjhFL8DbkHEiYevX52DxD+0ElD8=,2019-03-02 04:08:50,NL
184,FDfdvzxUnjWvKakTFdROMxTF9FAOjX8n2vIFgpIv0qY=,2019-03-02 04:16:00,DE
185,5W6EcKaopL1S7RDxgjhFL8DbkHEiYevX52DxD+0ElD8=,2019-03-02 04:16:56,GB
186,KiWm4vlTphSUaCoUPIDdW5XFmLgya1srtR9yMtvp4SU=,2019-03-02 04:19:17,PL
187,VDhGKcBHM2DMFcwijgvL0HH43r1JXxQFMuHXvJZw/h4=,2019-03-02 04:19:43,GB
188,f8foi43vnQd78GqsY0ZgRKBnXRvfE4MwRij6KQwc+6g=,2019-03-02 04:21:06,PL
189,WUIHMoyItxojl+7iCAaxXe+I9/2Dm6sI4ZMeQecxIZ0=,2019-03-02 04:24:38,BJ
190,5qfw7QClcWuZpzrf34SDowUhlLxA/1Gs7FjrnsZL4/o=,2019-03-02 04:29:37,NO
191,Twakm3jhRFVEkmKq8QhWOYS/mIvYP+ufQUu3UM/UE4Q=,2019-03-02 04:30:43,NL
192,Y1nRIWYHb8DvV18xto9yap0+6AUv3LqfUcatC1reSJ0=,2019-03-02 04:31:58,BD
193,3APlqMx0522tvrS7DAaby9bIr3CT5mrQf0l00HFg+JQ=,2019-03-02 04:32:12,PL
194,jyk95wi969Vhv5OjOtmoiME1hgo0FaJFzOxuXflo+Gs=,2019-03-02 04:33:57,IT
195,8MbiT/NzRR2BlzGtjLesr7NrQNK8W7GDv7hv2CVGly0=,2019-03-02 04:34:43,PL
196,5xW07XZ+gDU5+S7poP4D4gqD3ZMwv0tDqtzRGYBwsLs=,2019-03-02 04:34:56,NO
197,5W6EcKaopL1S7RDxgjhFL8DbkHEiYevX52DxD+0ElD8=,2019-03-02 04:40:22,PL
198,ILz2ttG+GND9at+JX/sW5PoxQ631MYKeuX3KP+uHkxg=,2019-03-02 04:44:35,PL
199,ebesda2e7NYtH5UWCENLjarqBs8b7t904+/obpE0DC0=,2019-03-02 04:52:44,DE
200,g7c/qTWVDAbzpe7iQt26vR0UxSsS2hE6UlD6YNpMLF0=,2019-03-02 04:55:38,PL